{
  "en": {
    "lessons": [
      {
        "id": "1.1",
        "titleKey": "lesson11",
        "imageAsset": "assets/images/m_opaska.svg",
        "bullets": [
          "Massive hemorrhage: rapid, life-threatening external bleeding.",
          "Priority: control bleeding before airway/breathing if life-threatening.",
          "Look for spurting blood, pooling, soaked clothing, amputation."
        ],
        "quiz": [
          {
            "q": "What takes priority if bleeding is life-threatening?",
            "options": [
              "Airway",
              "Control bleeding",
              "Evacuation"
            ],
            "correctIndex": 1
          },
          {
            "q": "Which sign suggests massive hemorrhage?",
            "options": [
              "Mild oozing",
              "Pooling blood",
              "Normal skin color"
            ],
            "correctIndex": 1
          },
          {
            "q": "Why act fast?",
            "options": [
              "Pain relief",
              "Prevent shock/death",
              "Comfort"
            ],
            "correctIndex": 1
          }
        ]
      },
      {
        "id": "1.2",
        "titleKey": "lesson12",
        "imageAsset": "assets/images/m_opaska.svg",
        "bullets": [
          "Apply tourniquet 'high & tight' on the limb, above the wound.",
          "Tighten until bleeding stops and no distal pulse.",
          "Note time of application; do not cover the device."
        ],
        "quiz": [
          {
            "q": "Where do you place a tourniquet?",
            "options": [
              "Below the wound",
              "Directly on the wound",
              "Above the wound, high & tight"
            ],
            "correctIndex": 2
          },
          {
            "q": "When do you stop tightening?",
            "options": [
              "When pain decreases",
              "When bleeding stops/no distal pulse",
              "After 1 minute"
            ],
            "correctIndex": 1
          },
          {
            "q": "What should you record?",
            "options": [
              "Device color",
              "Time of application",
              "Ambient temperature"
            ],
            "correctIndex": 1
          }
        ]
      },
      {
        "id": "1.3",
        "titleKey": "lesson13",
        "imageAsset": "assets/images/m_ucisk.svg",
        "bullets": [
          "Use firm, direct pressure with clean dressing or hands if needed.",
          "Maintain continuous pressure for several minutes.",
          "Elevate limb if safe and not contraindicated."
        ],
        "quiz": [
          {
            "q": "Direct pressure should be:",
            "options": [
              "Light and brief",
              "Firm and continuous",
              "Intermittent"
            ],
            "correctIndex": 1
          },
          {
            "q": "What helps compression?",
            "options": [
              "Gloves",
              "Continuous pressure",
              "Both"
            ],
            "correctIndex": 2
          },
          {
            "q": "Stop pressure when:",
            "options": [
              "Bleeding controlled",
              "After 30 sec",
              "Patient calm"
            ],
            "correctIndex": 0
          }
        ]
      },
      {
        "id": "1.4",
        "titleKey": "lesson14",
        "imageAsset": "assets/images/m_gaza.svg",
        "bullets": [
          "Pack deep wound cavities with hemostatic gauze if available.",
          "Apply strong pressure for at least 3 minutes (or per product IFU).",
          "Reassess and secure with pressure dressing."
        ],
        "quiz": [
          {
            "q": "Hemostatic gauze is used for:",
            "options": [
              "Superficial abrasions",
              "Deep wound cavities",
              "Itchy skin"
            ],
            "correctIndex": 1
          },
          {
            "q": "After packing, apply:",
            "options": [
              "No pressure",
              "Light cover",
              "Firm pressure for minutes"
            ],
            "correctIndex": 2
          },
          {
            "q": "Why reassess?",
            "options": [
              "Comfort",
              "Ensure bleeding control",
              "Cleanliness"
            ],
            "correctIndex": 1
          }
        ]
      },
      {
        "id": "1.5",
        "titleKey": "lesson15",
        "imageAsset": "assets/images/m_assistant.svg",
        "bullets": [
          "Avoid too low/loose tourniquets; place high & tight.",
          "Don't remove a working tourniquet in the field.",
          "Expose and re-check for hidden bleeding; prevent hypothermia."
        ],
        "quiz": [
          {
            "q": "Remove a functioning tourniquet in the field?",
            "options": [
              "Yes",
              "No"
            ],
            "correctIndex": 1
          },
          {
            "q": "Hidden bleeding requires:",
            "options": [
              "Assumption it's fine",
              "Exposure and re-check",
              "Ignore"
            ],
            "correctIndex": 1
          },
          {
            "q": "Hypothermia prevention is:",
            "options": [
              "Not relevant",
              "Part of H in MARCH(E)",
              "Only hospital task"
            ],
            "correctIndex": 1
          }
        ]
      }
    ]
  },
  "pl": {
    "lessons": [
      {
        "id": "1.1",
        "titleKey": "lesson11",
        "imageAsset": "assets/images/m_opaska.svg",
        "bullets": [
          "Masywny krwotok: szybkie, zagrażające życiu krwawienie zewnętrzne.",
          "Priorytet: kontrola krwawienia przed drogami oddechowymi/oddychaniem, jeśli zagraża życiu.",
          "Szukaj tryskającej krwi, kałuży krwi, przemoczonej odzieży, amputacji."
        ],
        "quiz": [
          {
            "q": "Co ma priorytet przy zagrożeniu życia przez krwotok?",
            "options": [
              "Drożność dróg oddechowych",
              "Kontrola krwawienia",
              "Ewakuacja"
            ],
            "correctIndex": 1
          },
          {
            "q": "Który objaw sugeruje masywny krwotok?",
            "options": [
              "Lekkie sączenie",
              "Kałuża krwi",
              "Prawidłowy kolor skóry"
            ],
            "correctIndex": 1
          },
          {
            "q": "Dlaczego działamy szybko?",
            "options": [
              "Dla zmniejszenia bólu",
              "By zapobiec wstrząsowi/zgonom",
              "Dla komfortu"
            ],
            "correctIndex": 1
          }
        ]
      },
      {
        "id": "1.2",
        "titleKey": "lesson12",
        "imageAsset": "assets/images/m_opaska.svg",
        "bullets": [
          "Opaska: zakładaj 'wysoko i mocno' na kończynie, powyżej rany.",
          "Dokręć do zatrzymania krwawienia i zaniku tętna dystalnego.",
          "Zapisz czas założenia; nie zakrywaj opaski."
        ],
        "quiz": [
          {
            "q": "Gdzie zakładasz opaskę uciskową?",
            "options": [
              "Poniżej rany",
              "Bezpośrednio na ranie",
              "Powyżej rany — wysoko i mocno"
            ],
            "correctIndex": 2
          },
          {
            "q": "Kiedy przestajesz dokręcać?",
            "options": [
              "Gdy ból maleje",
              "Gdy krwawienie ustaje/brak tętna dystalnego",
              "Po 1 minucie"
            ],
            "correctIndex": 1
          },
          {
            "q": "Co należy zanotować?",
            "options": [
              "Kolor opaski",
              "Czas założenia",
              "Temperaturę otoczenia"
            ],
            "correctIndex": 1
          }
        ]
      },
      {
        "id": "1.3",
        "titleKey": "lesson13",
        "imageAsset": "assets/images/m_ucisk.svg",
        "bullets": [
          "Stosuj mocny, bezpośredni ucisk jałowym opatrunkiem lub dłońmi.",
          "Utrzymuj ciągły ucisk przez kilka minut.",
          "Unieś kończynę, jeśli bezpieczne i nie ma przeciwwskazań."
        ],
        "quiz": [
          {
            "q": "Ucisk bezpośredni powinien być:",
            "options": [
              "Lekki i krótki",
              "Mocny i ciągły",
              "Przerywany"
            ],
            "correctIndex": 1
          },
          {
            "q": "Co pomaga w ucisku?",
            "options": [
              "Rękawiczki",
              "Ciągły nacisk",
              "Oba powyższe"
            ],
            "correctIndex": 2
          },
          {
            "q": "Kończymy ucisk gdy:",
            "options": [
              "Krwawienie opanowane",
              "Po 30 sek",
              "Poszkodowany spokojny"
            ],
            "correctIndex": 0
          }
        ]
      },
      {
        "id": "1.4",
        "titleKey": "lesson14",
        "imageAsset": "assets/images/m_gaza.svg",
        "bullets": [
          "Wypełniaj głębokie rany gazą hemostatyczną, jeśli dostępna.",
          "Stosuj silny ucisk przez co najmniej 3 minuty (lub wg IFU produktu).",
          "Sprawdź ponownie i zabezpiecz opatrunkiem uciskowym."
        ],
        "quiz": [
          {
            "q": "Gaza hemostatyczna służy do:",
            "options": [
              "Powierzchownych otarć",
              "Głębokich jam rany",
              "Swędzącej skóry"
            ],
            "correctIndex": 1
          },
          {
            "q": "Po zapakowaniu rany należy:",
            "options": [
              "Nie uciskać",
              "Lekko przykryć",
              "Utrzymać mocny ucisk przez kilka minut"
            ],
            "correctIndex": 2
          },
          {
            "q": "Dlaczego kontrolujemy ponownie?",
            "options": [
              "Dla komfortu",
              "Aby upewnić się, że krwawienie opanowane",
              "Dla czystości"
            ],
            "correctIndex": 1
          }
        ]
      },
      {
        "id": "1.5",
        "titleKey": "lesson15",
        "imageAsset": "assets/images/m_assistant.svg",
        "bullets": [
          "Unikaj zbyt nisko/luźno założonych opasek; zakładaj wysoko i mocno.",
          "Nie zdejmuj działającej opaski w terenie.",
          "Odsłaniaj i kontroluj ukryte krwawienia; zapobiegaj hipotermii."
        ],
        "quiz": [
          {
            "q": "Czy zdejmować działającą opaskę w terenie?",
            "options": [
              "Tak",
              "Nie"
            ],
            "correctIndex": 1
          },
          {
            "q": "Ukryte krwawienie wymaga:",
            "options": [
              "Założenia, że jest OK",
              "Odsłonięcia i ponownej kontroli",
              "Zignorowania"
            ],
            "correctIndex": 1
          },
          {
            "q": "Zapobieganie hipotermii to:",
            "options": [
              "Nieistotne",
              "Część elementu H w MARCH(E)",
              "Tylko w szpitalu"
            ],
            "correctIndex": 1
          }
        ]
      }
    ]
  }
}